{
  "timestamp": "2026-04-20T10:19:32.951598",
  "score_before": 0.15744587061694082,
  "score_after": 0.5089296634987985,
  "params": {
    "tx_mm": -7.572169623985994e-05,
    "ty_mm": 0.0002663263584547676,
    "tz_mm": 0.0005859157733076558,
    "rx_deg": 4.186830582370348e-05,
    "ry_deg": 0.00010408076505033146,
    "rz_deg": 0.00014860869685678164,
    "scale": 6.283017674634265e-06,
    "daz_deg": 0.00032138660640096655,
    "del_deg": 1.3412845156908508e-05,
    "ddepth_mm": 0.00016127245899411755,
    "daz_260327_0": 0.00022029074594626861,
    "del_260327_0": 0.00045588659874222417,
    "ddepth_260327_0": 0.00015449889769972446,
    "daz_260402_0": 2.901587859197529e-05,
    "del_260402_0": 4.5521693256537124e-05,
    "ddepth_260402_0": 8.214819051630901e-05,
    "daz_260407_0": 0.00023265281717617695,
    "del_260407_0": 5.632918970649729e-06,
    "ddepth_260407_0": 0.0004427221123609555,
    "daz_260408_0": 0.0002762869835306415,
    "del_260408_0": 1.4002644527489586e-05,
    "ddepth_260408_0": 0.0002523535397715149,
    "daz_260410_0": 1.6788054342821962e-05,
    "del_260410_0": -8.431669153977673e-05,
    "ddepth_260410_0": 0.00016287901244514764,
    "daz_260414_0": 0.00012847938611020907,
    "del_260414_0": 0.00013652462325856543,
    "ddepth_260414_0": 0.00026080301133879296,
    "daz_260416_0": 0.00018424295706737258,
    "del_260416_0": 0.00024123154803355697,
    "ddepth_260416_0": 0.00020169940423829405
  },
  "chamber_correction_4x4": [
    [
      6.283017674602765e-06,
      -1.6296324075320716e-11,
      1.1413440470750032e-11,
      -15.186045958719975
    ],
    [
      1.629633241554456e-11,
      6.283017674611454e-06,
      -4.5912214057861675e-12,
      -10.349742068125162
    ],
    [
      -1.1413428562412962e-11,
      4.591251008929899e-12,
      6.283017674622221e-06,
      52.61876867149898
    ],
    [
      0.0,
      0.0,
      0.0,
      1.0
    ]
  ],
  "daz_deg": 0.00032138660640096655,
  "del_deg": 1.3412845156908508e-05,
  "ddepth_mm": 0.00016127245899411755,
  "per_session_corrections": {
    "260327_0": {
      "daz_deg": 0.00022029074238284464,
      "del_deg": 0.00045588656715952916,
      "ddepth_mm": 7.724944823521646e-05
    },
    "260402_0": {
      "daz_deg": 2.901587858383226e-05,
      "del_deg": 4.5521693225093404e-05,
      "ddepth_mm": 4.107409516576072e-05
    },
    "260407_0": {
      "daz_deg": 0.0002326528129785515,
      "del_deg": 5.632918970590152e-06,
      "ddepth_mm": 0.00022136104171801153
    },
    "260408_0": {
      "daz_deg": 0.00027628697650056573,
      "del_deg": 1.40026445265744e-05,
      "ddepth_mm": 0.00012617676720734817
    },
    "260410_0": {
      "daz_deg": 1.6788054341244787e-05,
      "del_deg": -8.431669133996573e-05,
      "ddepth_mm": 8.143950550238872e-05
    },
    "260414_0": {
      "daz_deg": 0.0001284793854032747,
      "del_deg": 0.00013652462241033918,
      "ddepth_mm": 0.00013040150271283754
    },
    "260416_0": {
      "daz_deg": 0.00018424295498263484,
      "del_deg": 0.0002412315433542553,
      "ddepth_mm": 0.00010084970075153602
    }
  },
  "session_corr_bounds": {
    "daz": 1.0,
    "del_": 1.0,
    "ddepth": 0.5
  },
  "session_corr_l2_weight": 0.05
}