{
  "timestamp": "2026-04-20T11:01:50.596670",
  "score_before": -0.1041457617308257,
  "score_after": 0.5930823304952711,
  "params": {
    "tx_mm": -0.6631752803501872,
    "ty_mm": -2.2175037951986276,
    "tz_mm": 2.834286881960069,
    "rx_deg": 1.0857709123992294,
    "ry_deg": -0.8561747127342396,
    "rz_deg": -2.1105955947415893,
    "daz_deg": 1.8353616907540586,
    "del_deg": -3.1702411424930577,
    "ddepth_mm": 2.6881289706388407,
    "daz_260327_0": -0.11366961526851398,
    "del_260327_0": 0.16461951230923613,
    "ddepth_260327_0": 0.2498022835325317,
    "daz_260331_0": 0.08141295668780205,
    "del_260331_0": 0.9239705267425999,
    "ddepth_260331_0": 0.05205963105815941,
    "daz_260402_0": 0.07719925661902176,
    "del_260402_0": -0.2197300010418949,
    "ddepth_260402_0": 0.1412234249807455,
    "daz_260407_0": 0.016137497733738914,
    "del_260407_0": -0.17025212246889423,
    "ddepth_260407_0": 0.06260053671222482,
    "daz_260408_0": -0.23793815221674536,
    "del_260408_0": -0.11537707703765653,
    "ddepth_260408_0": -0.13128839420086394,
    "daz_260410_0": -0.22392139921037513,
    "del_260410_0": 0.048575083913660035,
    "ddepth_260410_0": -0.10117304952200344,
    "daz_260414_0": -0.1592119695486597,
    "del_260414_0": -0.1006432790130187,
    "ddepth_260414_0": 0.08338448602892552,
    "daz_260416_0": 0.1557341057130117,
    "del_260416_0": -0.2654673836743415,
    "ddepth_260416_0": -0.10795975360636896
  },
  "chamber_correction_4x4": [
    [
      0.9992100304242517,
      0.036538943589704276,
      -0.01562756221918528,
      -0.6631752803501872
    ],
    [
      -0.036824400154779016,
      0.9991525988295991,
      -0.018386076397614363,
      -2.2175037951986276
    ],
    [
      0.014942511596341804,
      0.018947027561245847,
      0.999708823354974,
      2.834286881960069
    ],
    [
      0.0,
      0.0,
      0.0,
      1.0
    ]
  ],
  "daz_deg": 1.8353616907540586,
  "del_deg": -3.1702411424930577,
  "ddepth_mm": 2.6881289706388407,
  "per_session_corrections": {
    "260327_0": {
      "daz_deg": -0.5659128279357196,
      "del_deg": 0.8157420829754654,
      "ddepth_mm": 0.48946559398085276
    },
    "260331_0": {
      "daz_deg": 0.40616781021685194,
      "del_deg": 3.638851777989654,
      "ddepth_mm": 0.10402530245361014
    },
    "260402_0": {
      "daz_deg": 0.38523129609357776,
      "del_deg": -1.0813035253326184,
      "ddepth_mm": 0.28058399777391774
    },
    "260407_0": {
      "daz_deg": 0.08068048521767741,
      "del_deg": -0.8431300485719517,
      "ddepth_mm": 0.1250377822597546
    },
    "260408_0": {
      "daz_deg": -1.167736524511968,
      "del_deg": -0.5743391347385172,
      "ddepth_mm": -0.26107847053625255
    },
    "260410_0": {
      "daz_deg": -1.1012621770219764,
      "del_deg": 0.24268457503147567,
      "ddepth_mm": -0.20165851022438863
    },
    "260414_0": {
      "daz_deg": -0.789401060830111,
      "del_deg": -0.5015242128621602,
      "ddepth_mm": 0.16638353064834888
    },
    "260416_0": {
      "daz_deg": 0.7724359437226496,
      "del_deg": -1.297011052098115,
      "ddepth_mm": -0.21508453028030022
    }
  },
  "session_corr_bounds": {
    "daz": 5.0,
    "del_": 5.0,
    "ddepth": 2.0
  },
  "session_corr_l2_weight": 0.05
}