{
  "timestamp": "2026-04-19T15:44:11.319079",
  "score_before": 0.03564239853438745,
  "score_after": 0.5934008524770258,
  "params": {
    "tx_mm": -0.0004942264874407842,
    "ty_mm": 0.0005520255638103019,
    "tz_mm": 0.000340495199260841,
    "rx_deg": 0.0010145466972114243,
    "ry_deg": 0.0007873958000982103,
    "rz_deg": 0.000730213276014354,
    "scale": 1.5511274126021532e-05,
    "daz_deg": 0.0008965001113558043,
    "del_deg": 0.0001558383778585273,
    "ddepth_mm": 0.000520208802079002
  },
  "chamber_correction_4x4": [
    [
      1.5511274123297088e-05,
      -1.9768161149094448e-10,
      2.1316949978797486e-10,
      -15.185591726916238
    ],
    [
      1.9768538607204911e-10,
      1.5511274122330132e-05,
      -2.7465821058878995e-10,
      -10.350408256570605
    ],
    [
      -2.1316599938793478e-10,
      2.7466092730607765e-10,
      1.5511274122125062e-05,
      52.61804306645974
    ],
    [
      0.0,
      0.0,
      0.0,
      1.0
    ]
  ],
  "daz_deg": 0.0008965001113558043,
  "del_deg": 0.0001558383778585273,
  "ddepth_mm": 0.000520208802079002
}