{
  "timestamp": "2026-04-19T19:53:57.102909",
  "score_before": 0.11489501922350256,
  "score_after": 0.47936173263479465,
  "params": {
    "tx_mm": -0.0004942264874407842,
    "ty_mm": 0.000730213276014354,
    "tz_mm": 0.000520208802079002,
    "rx_deg": 0.0010145466972114243,
    "ry_deg": 0.0007873958000982103,
    "rz_deg": 0.000340495199260841,
    "scale": 1.5511274126021532e-05,
    "daz_deg": 0.0008965001113558043,
    "del_deg": 0.0001558383778585273,
    "ddepth_mm": 0.0005520255638103019
  },
  "chamber_correction_4x4": [
    [
      1.55112741242829e-05,
      -9.217604073967872e-11,
      2.1316763159536033e-10,
      -15.185662132384866
    ],
    [
      9.21798153142062e-11,
      1.5511274123315916e-05,
      -2.746596605322963e-10,
      -10.350126781657098
    ],
    [
      -2.1316599938793478e-10,
      2.7466092730607765e-10,
      1.5511274122125062e-05,
      52.61822278006256
    ],
    [
      0.0,
      0.0,
      0.0,
      1.0
    ]
  ],
  "daz_deg": 0.0008965001113558043,
  "del_deg": 0.0001558383778585273,
  "ddepth_mm": 0.0005520255638103019
}