{
  "timestamp": "2026-04-19T13:47:32.514327",
  "score_before": 0.08276992895697857,
  "score_after": 0.5309482457317763,
  "params": {
    "tx_mm": -0.0004942264874407842,
    "ty_mm": 0.000730213276014354,
    "tz_mm": 0.000520208802079002,
    "rx_deg": 0.0010145466972114243,
    "ry_deg": 0.0005520255638103019,
    "rz_deg": 0.000340495199260841,
    "scale": 1.5511274126021532e-05,
    "daz_deg": 0.0008965001113558043,
    "del_deg": 0.0001558383778585273,
    "ddepth_mm": 0.0007873958000982103
  },
  "chamber_correction_4x4": [
    [
      1.55112741250277e-05,
      -9.21771690428087e-11,
      1.4944754110517318e-10,
      -15.185878285020383
    ],
    [
      9.217981531863238e-11,
      1.551127412331591e-05,
      -2.746600392056487e-10,
      -10.35012678294164
    ],
    [
      -1.4944590888663293e-10,
      2.74660927319266e-10,
      1.5511274122869868e-05,
      52.618160398915045
    ],
    [
      0.0,
      0.0,
      0.0,
      1.0
    ]
  ],
  "daz_deg": 0.0008965001113558043,
  "del_deg": 0.0001558383778585273,
  "ddepth_mm": 0.0007873958000982103
}