{
  "timestamp": "2026-04-19T14:15:56.743165",
  "score_before": 0.08275641207089486,
  "score_after": 0.5230662858329608,
  "params": {
    "tx_mm": -0.0004942264874407842,
    "ty_mm": 0.0005520255638103019,
    "tz_mm": 0.000520208802079002,
    "rx_deg": 0.0010145466972114243,
    "ry_deg": 0.000730213276014354,
    "rz_deg": 0.000340495199260841,
    "scale": 1.5511274126021532e-05,
    "daz_deg": 0.0008965001113558043,
    "del_deg": 0.0001558383778585273,
    "ddepth_mm": 0.0007873958000982103
  },
  "chamber_correction_4x4": [
    [
      1.5511274124487918e-05,
      -9.217631485768922e-11,
      1.9768701830084245e-10,
      -15.185714646071508
    ],
    [
      9.217981531542458e-11,
      1.5511274123315916e-05,
      -2.7465975252990154e-10,
      -10.350304969681378
    ],
    [
      -1.976853860907166e-10,
      2.74660927309708e-10,
      1.5511274122330084e-05,
      52.618207624823285
    ],
    [
      0.0,
      0.0,
      0.0,
      1.0
    ]
  ],
  "daz_deg": 0.0008965001113558043,
  "del_deg": 0.0001558383778585273,
  "ddepth_mm": 0.0007873958000982103
}