{
  "timestamp": "2026-04-19T21:39:49.341181",
  "score_before": 0.16208773466442278,
  "score_after": 0.5027020379860352,
  "params": {
    "tx_mm": -0.0004942264874407842,
    "ty_mm": 0.000730213276014354,
    "tz_mm": 0.0008965001113558043,
    "rx_deg": 0.000520208802079002,
    "ry_deg": 0.0007873958000982103,
    "rz_deg": 0.000340495199260841,
    "scale": 1.5511274126021532e-05,
    "daz_deg": 0.0010145466972114243,
    "del_deg": 0.0001558383778585273,
    "ddepth_mm": 0.0007469251033818494
  },
  "chamber_correction_4x4": [
    [
      1.55112741242829e-05,
      -9.217787990903185e-11,
      2.1316683630878017e-10,
      -15.185662133855477
    ],
    [
      9.21798153142062e-11,
      1.551127412510831e-05,
      -1.40831119117971e-10,
      -10.349672806801248
    ],
    [
      -2.1316599938793478e-10,
      1.408323859020268e-10,
      1.5511274123917465e-05,
      52.61868837400606
    ],
    [
      0.0,
      0.0,
      0.0,
      1.0
    ]
  ],
  "daz_deg": 0.0010145466972114243,
  "del_deg": 0.0001558383778585273,
  "ddepth_mm": 0.0007469251033818494
}