{
  "timestamp": "2026-04-19T13:03:35.848268",
  "score_before": 0.07101849460417567,
  "score_after": 0.5276373881950707,
  "params": {
    "tx_mm": -0.0004942264874407842,
    "ty_mm": 0.000340495199260841,
    "tz_mm": 0.000520208802079002,
    "rx_deg": 0.0010145466972114243,
    "ry_deg": 0.0005520255638103019,
    "rz_deg": 0.000730213276014354,
    "scale": 1.5511274126021532e-05,
    "daz_deg": 0.0008965001113558043,
    "del_deg": 0.0001558383778585273,
    "ddepth_mm": 0.0007873958000982103
  },
  "chamber_correction_4x4": [
    [
      1.551127412404189e-05,
      -1.976827397940744e-10,
      1.4944940930183743e-10,
      -15.185807879551739
    ],
    [
      1.9768538608154135e-10,
      1.551127412233012e-05,
      -2.7465902267750603e-10,
      -10.350619789689938
    ],
    [
      -1.4944590888663293e-10,
      2.74660927319266e-10,
      1.5511274122869868e-05,
      52.618160398915045
    ],
    [
      0.0,
      0.0,
      0.0,
      1.0
    ]
  ],
  "daz_deg": 0.0008965001113558043,
  "del_deg": 0.0001558383778585273,
  "ddepth_mm": 0.0007873958000982103
}