{
  "timestamp": "2026-04-19T18:48:41.169931",
  "score_before": 0.2743394484657204,
  "score_after": 0.4632309668459767,
  "params": {
    "tx_mm": -3.2085113185211425,
    "ty_mm": 6.598630269370679,
    "tz_mm": -1.5119929412878552,
    "rx_deg": 6.101239076708369,
    "ry_deg": -9.247644155685851,
    "rz_deg": 5.811857540192898,
    "scale": 1.9035816103197085,
    "daz_deg": -1.706532700392874,
    "del_deg": 1.9496480027222427,
    "ddepth_mm": -5.022764938214397
  },
  "chamber_correction_4x4": [
    [
      1.8691830459552512,
      -0.22401559647574232,
      -0.28212532746359587,
      16.211472820077752
    ],
    [
      0.19025552273929022,
      1.8797772207845287,
      -0.2320848625700688,
      23.00190778969499
    ],
    [
      0.3059093393932641,
      0.1996936651538693,
      1.86819829336095,
      -44.98712195403276
    ],
    [
      0.0,
      0.0,
      0.0,
      1.0
    ]
  ],
  "daz_deg": -1.706532700392874,
  "del_deg": 1.9496480027222427,
  "ddepth_mm": -5.022764938214397
}