{
  "timestamp": "2026-04-19T14:01:07.458942",
  "score_before": 0.09054917107114255,
  "score_after": 0.5235681366442887,
  "params": {
    "tx_mm": -0.0004942264874407842,
    "ty_mm": 0.0007469251033818494,
    "tz_mm": 0.000520208802079002,
    "rx_deg": 0.0008965001113558043,
    "ry_deg": 0.000730213276014354,
    "rz_deg": 0.000340495199260841,
    "scale": 1.5511274126021532e-05,
    "daz_deg": 0.0010145466972114243,
    "del_deg": 0.0001558383778585273,
    "ddepth_mm": 0.0007873958000982103
  },
  "chamber_correction_4x4": [
    [
      1.5511274124487918e-05,
      -9.217672215237249e-11,
      1.9768682838941442e-10,
      -15.185714646443966
    ],
    [
      9.217981531542458e-11,
      1.5511274123848876e-05,
      -2.4270184972936307e-10,
      -10.350001662213328
    ],
    [
      -1.976853860907166e-10,
      2.4270302451120055e-10,
      1.5511274122863048e-05,
      52.61822895041285
    ],
    [
      0.0,
      0.0,
      0.0,
      1.0
    ]
  ],
  "daz_deg": 0.0010145466972114243,
  "del_deg": 0.0001558383778585273,
  "ddepth_mm": 0.0007873958000982103
}