{
  "timestamp": "2026-04-20T10:47:11.857087",
  "score_before": 0.07227703466592743,
  "score_after": 0.7071134960251777,
  "params": {
    "tx_mm": 0.22527156683679656,
    "ty_mm": 7.2131912324254435,
    "tz_mm": 8.604464135655412,
    "rx_deg": 18.336593936477882,
    "ry_deg": -14.006422426254323,
    "rz_deg": -2.71028022163605,
    "daz_deg": 2.2528845726880604,
    "del_deg": -4.430775755597971,
    "ddepth_mm": -1.7418675007085611
  },
  "chamber_correction_4x4": [
    [
      0.9691832667600682,
      -0.03117264359401764,
      -0.2443605158851217,
      0.22527156683679656
    ],
    [
      -0.04587980530150521,
      0.951763397317342,
      -0.30338338615100074,
      7.2131912324254435
    ],
    [
      0.24203065693787312,
      0.3052453141627429,
      0.9210029637758557,
      8.604464135655412
    ],
    [
      0.0,
      0.0,
      0.0,
      1.0
    ]
  ],
  "daz_deg": 2.2528845726880604,
  "del_deg": -4.430775755597971,
  "ddepth_mm": -1.7418675007085611,
  "per_session_corrections": {},
  "session_corr_bounds": {
    "daz": 5.0,
    "del_": 5.0,
    "ddepth": 2.0
  },
  "session_corr_l2_weight": 0.0001
}