{
  "timestamp": "2026-04-19T15:01:14.399619",
  "score_before": 0.06195437007338763,
  "score_after": 0.5196002486884097,
  "params": {
    "tx_mm": -0.0004942264874407842,
    "ty_mm": 0.000340495199260841,
    "tz_mm": 0.000520208802079002,
    "rx_deg": 0.0010145466972114243,
    "ry_deg": 0.000730213276014354,
    "rz_deg": 0.0005520255638103019,
    "scale": 1.5511274126021532e-05,
    "daz_deg": 0.0008965001113558043,
    "del_deg": 0.0001558383778585273,
    "ddepth_mm": 0.0007873958000982103
  },
  "chamber_correction_4x4": [
    [
      1.551127412404189e-05,
      -1.4944240841243378e-10,
      1.9768803231620066e-10,
      -15.185676431625321
    ],
    [
      1.4944590887449604e-10,
      1.5511274122869902e-05,
      -2.746590226870641e-10,
      -10.35057256231084
    ],
    [
      -1.976853860907166e-10,
      2.74660927309708e-10,
      1.5511274122330084e-05,
      52.618207624823285
    ],
    [
      0.0,
      0.0,
      0.0,
      1.0
    ]
  ],
  "daz_deg": 0.0008965001113558043,
  "del_deg": 0.0001558383778585273,
  "ddepth_mm": 0.0007873958000982103
}