{
  "timestamp": "2026-04-20T10:35:41.472148",
  "score_before": 0.07227703466592743,
  "score_after": 0.5647037058283676,
  "params": {
    "tx_mm": -1.1390397770321357,
    "ty_mm": -0.2066176128167612,
    "tz_mm": 0.2199612652218943,
    "rx_deg": -0.06350510725879763,
    "ry_deg": -0.2972498801907076,
    "rz_deg": 0.128438164589552,
    "scale": -12.058674681358822,
    "daz_deg": -0.16441028053926762,
    "del_deg": -0.2820209715765534,
    "ddepth_mm": -0.03632891498298984,
    "daz_260327_0": 0.16244358719937574,
    "del_260327_0": 0.8831191576619678,
    "ddepth_260327_0": 0.13602199073886106,
    "daz_260331_0": 0.20674371438926128,
    "del_260331_0": 0.09124183057809125,
    "ddepth_260331_0": 0.045720936854009415,
    "daz_260402_0": 0.44837996088012866,
    "del_260402_0": -0.3044363036341329,
    "ddepth_260402_0": -0.12398344349912863,
    "daz_260407_0": 0.17524994186511242,
    "del_260407_0": 0.0017997736275407166,
    "ddepth_260407_0": 0.2333346901327831,
    "daz_260408_0": 0.1561763471406322,
    "del_260408_0": -0.3033560869470202,
    "ddepth_260408_0": 0.10525595276408234,
    "daz_260410_0": 0.20969611483641123,
    "del_260410_0": 0.15810457957256976,
    "ddepth_260410_0": 0.1737481575182389,
    "daz_260414_0": 0.04522005276333468,
    "del_260414_0": -0.18683561479495783,
    "ddepth_260414_0": -0.28430792776094854,
    "daz_260416_0": 0.560772645513621,
    "del_260416_0": -0.4320802673099484,
    "ddepth_260416_0": -0.036453576023313596
  },
  "chamber_correction_4x4": [
    [
      0.49999201495495565,
      -0.0011179577081015313,
      -0.0025952171096739196,
      -8.856998111799344
    ],
    [
      0.0011208184062273105,
      0.4999984430537357,
      0.0005483702585812561,
      -5.369765833480802
    ],
    [
      0.0025939829189318025,
      -0.0005541790352681816,
      0.49999296408870914,
      26.495180752018577
    ],
    [
      0.0,
      0.0,
      0.0,
      1.0
    ]
  ],
  "daz_deg": -0.16441028053926762,
  "del_deg": -0.2820209715765534,
  "ddepth_mm": -0.03632891498298984,
  "per_session_corrections": {
    "260327_0": {
      "daz_deg": 0.8051483007747539,
      "del_deg": 3.539892448341966,
      "ddepth_mm": 0.27037852183474853
    },
    "260331_0": {
      "daz_deg": 1.0192380330657556,
      "del_deg": 0.45494736322504586,
      "ddepth_mm": 0.09137821011898055
    },
    "260402_0": {
      "daz_deg": 2.102832107280477,
      "del_deg": -1.4768358568402307,
      "ddepth_mm": -0.2467040775504642
    },
    "260407_0": {
      "daz_deg": 0.8673879416873453,
      "del_deg": 0.008998858421382944,
      "ddepth_mm": 0.458380564129471
    },
    "260408_0": {
      "daz_deg": 0.7745942299504683,
      "del_deg": -1.4719044019468992,
      "ddepth_mm": 0.20973792772314628
    },
    "260410_0": {
      "daz_deg": 1.033378066204436,
      "del_deg": 0.7840011839760441,
      "ddepth_mm": 0.3440412418351961
    },
    "260414_0": {
      "daz_deg": 0.22594627582137092,
      "del_deg": -0.9234577817784562,
      "ddepth_mm": -0.553774918918918
    },
    "260416_0": {
      "daz_deg": 2.542752395538619,
      "del_deg": -2.035291756945574,
      "ddepth_mm": -0.07287487465950217
    }
  },
  "session_corr_bounds": {
    "daz": 5.0,
    "del_": 5.0,
    "ddepth": 2.0
  },
  "session_corr_l2_weight": 0.0001
}