{
  "timestamp": "2026-04-19T18:23:13.852280",
  "score_before": 0.07440290892365409,
  "score_after": 0.3651626801393541,
  "params": {
    "tx_mm": -0.0004942264874407842,
    "ty_mm": 0.0010145466972114243,
    "tz_mm": 0.000520208802079002,
    "rx_deg": 0.0005520255638103019,
    "ry_deg": 0.000730213276014354,
    "rz_deg": 0.000340495199260841,
    "scale": 1.5511274126021532e-05,
    "daz_deg": 0.0008965001113558043,
    "del_deg": 0.0007873958000982103,
    "ddepth_mm": 0.0001558383778585273
  },
  "chamber_correction_4x4": [
    [
      1.5511274124487918e-05,
      -9.217791068643019e-11,
      1.9768627419956596e-10,
      -15.185714647530855
    ],
    [
      9.217981531542458e-11,
      1.551127412502771e-05,
      -1.4944473408673147e-10,
      -10.349417692615928
    ],
    [
      -1.976853860907166e-10,
      1.4944590887449604e-10,
      1.551127412404189e-05,
      52.61829117984569
    ],
    [
      0.0,
      0.0,
      0.0,
      1.0
    ]
  ],
  "daz_deg": 0.0008965001113558043,
  "del_deg": 0.0007873958000982103,
  "ddepth_mm": 0.0001558383778585273
}