{
  "timestamp": "2026-04-19T21:35:05.023869",
  "score_before": 0.11393110461002741,
  "score_after": 0.4537825523583439,
  "params": {
    "tx_mm": -0.0004942264874407842,
    "ty_mm": 0.000340495199260841,
    "tz_mm": 0.0010145466972114243,
    "rx_deg": 0.000520208802079002,
    "ry_deg": 0.0001558383778585273,
    "rz_deg": 0.000730213276014354,
    "scale": 1.5511274126021532e-05,
    "daz_deg": 0.0008965001113558043,
    "del_deg": 0.0007873958000982103,
    "ddepth_mm": 0.0005520255638103019
  },
  "chamber_correction_4x4": [
    [
      1.5511274124704443e-05,
      -1.9768500303357687e-10,
      4.2190797581262485e-11,
      -15.186171723656045
    ],
    [
      1.9768538608998536e-10,
      1.551127412412249e-05,
      -1.4083184822083106e-10,
      -10.350165819471108
    ],
    [
      -4.2189002730353484e-11,
      1.408323859148047e-10,
      1.5511274125324824e-05,
      52.618639034310114
    ],
    [
      0.0,
      0.0,
      0.0,
      1.0
    ]
  ],
  "daz_deg": 0.0008965001113558043,
  "del_deg": 0.0007873958000982103,
  "ddepth_mm": 0.0005520255638103019
}