{
  "timestamp": "2026-04-19T19:29:43.400451",
  "score_before": 0.06889003441967624,
  "score_after": 0.4905740847139953,
  "params": {
    "tx_mm": -0.0004942264874407842,
    "ty_mm": 0.0001558383778585273,
    "tz_mm": 0.0008965001113558043,
    "rx_deg": 0.000520208802079002,
    "ry_deg": 0.000340495199260841,
    "rz_deg": 0.000730213276014354,
    "scale": 1.5511274126021532e-05,
    "daz_deg": 0.0010145466972114243,
    "del_deg": 0.0007873958000982103,
    "ddepth_mm": 0.0007469251033818494
  },
  "chamber_correction_4x4": [
    [
      1.5511274124487918e-05,
      -1.9768454914917294e-10,
      9.218161016769938e-11,
      -15.18600214383903
    ],
    [
      1.9768538608722584e-10,
      1.5511274124122498e-05,
      -1.4083121110662575e-10,
      -10.350350474131279
    ],
    [
      -9.217981532291075e-11,
      1.4083238591283878e-10,
      1.55112741251083e-05,
      52.61856992933326
    ],
    [
      0.0,
      0.0,
      0.0,
      1.0
    ]
  ],
  "daz_deg": 0.0010145466972114243,
  "del_deg": 0.0007873958000982103,
  "ddepth_mm": 0.0007469251033818494
}