{
  "timestamp": "2026-04-19T17:00:48.271611",
  "score_before": 0.025648763325121008,
  "score_after": 0.6018805898103933,
  "params": {
    "tx_mm": -0.0005096781787049332,
    "ty_mm": 0.0004937438189369567,
    "tz_mm": 0.0007713175314506385,
    "rx_deg": 0.0009441553242696865,
    "ry_deg": 0.000334416054491832,
    "rz_deg": 0.0007735464567445964,
    "scale": 2.987915353325611e-07,
    "daz_deg": 0.0008206095297043474,
    "del_deg": 0.00015476128966052251,
    "ddepth_mm": 0.0005340656895083802
  },
  "chamber_correction_4x4": [
    [
      2.987915353002406e-07,
      -4.03393563771444e-12,
      1.744011441616904e-12,
      -15.186246358175987
    ],
    [
      4.03396437599821e-12,
      2.9879153526476275e-07,
      -4.9236483431665464e-12,
      -10.350570850136041
    ],
    [
      -1.743944967850376e-12,
      4.923671888414855e-12,
      2.987915352869041e-07,
      52.61916700608435
    ],
    [
      0.0,
      0.0,
      0.0,
      1.0
    ]
  ],
  "daz_deg": 0.0008206095297043474,
  "del_deg": 0.00015476128966052251,
  "ddepth_mm": 0.0005340656895083802
}