{
  "timestamp": "2026-04-19T20:26:13.722600",
  "score_before": 0.06004146952455892,
  "score_after": 0.45800273940979264,
  "params": {
    "tx_mm": -0.0004942264874407842,
    "ty_mm": 0.000520208802079002,
    "tz_mm": 0.0010145466972114243,
    "rx_deg": 0.0005520255638103019,
    "ry_deg": 0.000340495199260841,
    "rz_deg": 0.0007873958000982103,
    "scale": 1.5511274126021532e-05,
    "daz_deg": 0.0008965001113558043,
    "del_deg": 0.0001558383778585273,
    "ddepth_mm": 0.000730213276014354
  },
  "chamber_correction_4x4": [
    [
      1.55112741242829e-05,
      -2.1316511125652577e-10,
      9.218186909263216e-11,
      -15.185991813417404
    ],
    [
      2.1316599938417067e-10,
      1.551127412383688e-05,
      -1.4944464207765293e-10,
      -10.350030478116727
    ],
    [
      -9.217981532291075e-11,
      1.49445908883994e-10,
      1.55112741250277e-05,
      52.6186822283073
    ],
    [
      0.0,
      0.0,
      0.0,
      1.0
    ]
  ],
  "daz_deg": 0.0008965001113558043,
  "del_deg": 0.0001558383778585273,
  "ddepth_mm": 0.000730213276014354
}