{
  "timestamp": "2026-04-20T10:51:24.824155",
  "score_before": 0.07227703466592743,
  "score_after": 0.6969833265689455,
  "params": {
    "tx_mm": 2.0370710341430156,
    "ty_mm": -2.3622170509357723,
    "tz_mm": 7.697849732021901,
    "rx_deg": 7.661803699908238,
    "ry_deg": -6.646874271482157,
    "rz_deg": -15.482941152507138,
    "daz_deg": -0.49527205860955803,
    "del_deg": 1.2750886377641344,
    "ddepth_mm": 3.0564216093409704,
    "daz_260327_0": 0.08256473982791329,
    "del_260327_0": 0.10595197304662007,
    "ddepth_260327_0": 0.38798466634191264,
    "daz_260331_0": -0.021646932261831744,
    "del_260331_0": 0.4995755466975952,
    "ddepth_260331_0": 0.07601310080363848,
    "daz_260402_0": 0.040866005524832036,
    "del_260402_0": -0.00424409601257035,
    "ddepth_260402_0": 0.05855241919337585,
    "daz_260407_0": 0.15844042255433566,
    "del_260407_0": -0.17720580215990028,
    "ddepth_260407_0": -0.17495381991382697,
    "daz_260408_0": -0.1384483958829725,
    "del_260408_0": -0.3999546562621439,
    "ddepth_260408_0": -0.06815882388266109,
    "daz_260410_0": -0.048203896016279904,
    "del_260410_0": -0.1707733560435871,
    "ddepth_260410_0": 0.06350603902178358,
    "daz_260414_0": -0.0401273148107728,
    "del_260414_0": 0.07347395214467006,
    "ddepth_260414_0": -0.10157093575614036,
    "daz_260416_0": 0.1445023552930304,
    "del_260416_0": -0.11740215664157999,
    "ddepth_260416_0": -0.13334227395019366
  },
  "chamber_correction_4x4": [
    [
      0.9572323050516722,
      0.24969583786937183,
      -0.14614480051022882,
      2.0370710341430156
    ],
    [
      -0.2651571191755388,
      0.9592259663283799,
      -0.09786341334694483,
      -2.3622170509357723
    ],
    [
      0.1157498005008705,
      0.13242935502409667,
      0.9844107118534979,
      7.697849732021901
    ],
    [
      0.0,
      0.0,
      0.0,
      1.0
    ]
  ],
  "daz_deg": -0.49527205860955803,
  "del_deg": 1.2750886377641344,
  "ddepth_mm": 3.0564216093409704,
  "per_session_corrections": {
    "260327_0": {
      "daz_deg": 0.41188818570934527,
      "del_deg": 0.5277863965470654,
      "ddepth_mm": 0.7392430535620723
    },
    "260331_0": {
      "daz_deg": -0.10821775859568895,
      "del_deg": 2.308916407269225,
      "ddepth_mm": 0.15173407471813763
    },
    "260402_0": {
      "daz_deg": 0.2042163577699652,
      "del_deg": -0.021220352653524892,
      "ddepth_mm": 0.11697119480171306
    },
    "260407_0": {
      "daz_deg": 0.785639026868608,
      "del_deg": -0.8768697109955541,
      "ddepth_mm": -0.34638072654787866
    },
    "260408_0": {
      "daz_deg": -0.6878526748119365,
      "del_deg": -1.8995508186300147,
      "ddepth_mm": -0.13610694572387932
    },
    "260410_0": {
      "daz_deg": -0.24083297455244776,
      "del_deg": -0.8456618880009849,
      "ddepth_mm": 0.12684160575568382
    },
    "260414_0": {
      "daz_deg": -0.20052895493830802,
      "del_deg": 0.36671011282056437,
      "ddepth_mm": -0.2024461608000961
    },
    "260416_0": {
      "daz_deg": 0.7175245216282157,
      "del_deg": -0.5843285946339867,
      "ddepth_mm": -0.26511514383602164
    }
  },
  "session_corr_bounds": {
    "daz": 5.0,
    "del_": 5.0,
    "ddepth": 2.0
  },
  "session_corr_l2_weight": 0.05
}